user_id,topic_id,rating
1,1,5
1,4,5
1,7,5
1,11,5
1,15,5
1,17,5
1,18,5
1,25,5
2,1,3
2,2,3
2,4,3
2,5,4
2,8,5
2,11,5
2,12,3
2,13,5
2,14,5
2,15,5
2,16,3
2,17,3
2,18,3
2,20,3
2,23,3
2,24,3
2,25,4
3,1,4
3,3,4
3,5,4
3,7,4
3,11,4
3,16,3
3,19,3
3,21,5
3,22,5
3,24,5
4,1,4
4,4,4
4,9,4
4,10,5
4,14,4
4,16,4
4,17,4
4,22,5
4,23,4
4,24,5
5,4,4
5,6,5
5,9,4
5,10,5
5,12,4
5,13,5
5,14,5
5,15,4
5,21,4
5,24,4
6,2,4
6,6,5
6,11,4
6,12,4
6,13,5
6,19,4
7,8,3
7,11,3
7,12,3
7,13,4
7,15,4
7,16,4
7,17,3
7,18,2
7,21,3
7,24,5
8,1,5
8,2,4
8,5,4
8,6,3
8,7,4
8,8,4
8,15,3
8,19,4
8,21,3
8,22,4
9,3,1
9,6,2
9,11,5
9,12,5
9,13,4
9,16,5
9,18,5
9,21,5
9,22,5
10,2,4
10,3,3
10,4,5
10,9,4
10,11,3
10,12,3
10,13,4
10,14,2
10,15,2
10,16,3
10,18,3
10,21,5
10,22,5
10,23,5
10,25,5
11,4,4
11,6,4
11,7,4
11,8,3
11,12,4
11,16,4
11,25,4
12,3,5
12,6,5
12,10,3
12,11,4
12,17,2
12,21,4
12,24,5
13,1,5
13,3,5
13,5,5
13,10,5
13,11,5
13,12,5
13,17,1
13,18,1
13,19,5
13,21,5
14,6,3
14,7,5
14,9,4
14,11,4
14,12,3
14,13,3
14,17,3
14,21,5
14,23,4
14,24,5
15,1,5
15,6,3
15,7,5
15,9,5
15,12,5
15,14,3
15,16,3
15,17,5
15,19,5
15,23,5
15,24,5
16,5,5
16,8,3
16,9,2
16,14,1
16,21,5
16,22,5
16,24,4
16,25,5
17,2,5
17,4,3
17,5,2
17,7,3
17,12,5
17,13,1
17,14,2
17,15,1
17,16,1
17,21,4
17,22,5
17,23,2
18,4,3
18,7,3
18,9,2
18,10,3
18,12,3
18,14,2
18,18,1
18,19,3
18,20,3
18,21,3
18,22,3
18,24,2
18,25,2
19,4,4
19,6,4
19,8,5
19,15,3
19,18,5
19,20,4
19,22,3
20,1,3
20,3,3
20,5,4
20,8,4
20,10,5
20,11,3
20,13,5
20,19,3
20,23,4
20,24,5
20,25,5
21,1,3
21,4,4
21,7,5
21,10,5
21,12,5
21,13,3
21,15,2
21,21,2
21,22,5
21,23,4
21,24,3
22,1,3
22,2,3
22,4,5
22,5,4
22,7,5
22,10,5
22,12,5
22,14,3
22,17,5
22,25,5
23,1,4
23,4,3
23,5,2
23,8,4
23,10,3
23,16,3
23,19,2
23,20,3
23,21,2
23,24,3
24,2,4
24,7,4
24,10,2
24,14,5
24,20,1
25,1,5
25,2,3
25,3,3
25,8,2
25,10,3
25,12,2
25,15,3
25,18,3
25,20,5
25,21,3
25,22,2
25,24,3
25,25,4
26,1,5
26,2,4
26,4,4
26,5,4
26,7,5
26,9,3
26,13,3
26,15,2
26,16,4
26,17,3
26,19,4
26,20,3
26,22,4
26,23,4
26,25,4
27,3,2
27,7,4
27,10,3
27,11,5
27,12,5
27,17,3
27,20,3
27,21,5
27,23,5
27,25,5
28,3,3
28,8,3
28,12,3
28,13,5
28,15,3
28,20,5
28,21,4
28,22,3
29,1,4
29,3,3
29,8,3
29,10,4
29,13,4
29,15,4
29,16,1
29,19,5
29,21,4
29,23,4
29,24,3
30,4,4
30,6,5
30,7,4
30,8,3
30,9,3
30,10,4
30,11,4
30,12,4
30,14,5
30,15,5
30,19,4
30,20,5
30,24,5
31,3,2
31,5,2
31,6,4
31,7,5
31,8,3
31,9,3
31,12,4
31,13,5
31,19,4
31,23,3
31,25,5
32,1,4
32,3,3
32,5,4
32,6,4
32,10,4
32,11,3
32,12,5
32,13,3
32,16,1
32,18,4
32,23,3
32,24,2
32,25,3
33,3,4
33,5,5
33,6,3
33,10,4
33,11,3
33,13,5
33,16,1
33,17,5
33,18,5
33,19,5
33,20,5
33,22,5
33,25,5
34,2,3
34,3,4
34,6,3
34,12,4
34,16,3
34,20,3
34,21,5
35,1,5
35,3,2
35,6,4
35,8,4
35,9,3
35,10,1
35,11,3
35,12,4
35,15,2
35,19,4
35,20,3
35,22,4
35,23,3
35,24,3
36,5,3
36,8,4
36,9,3
36,11,4
36,12,3
36,14,3
36,17,2
36,19,4
36,20,1
36,24,5
36,25,3
37,3,4
37,6,5
37,8,4
37,11,3
37,13,4
37,16,4
37,17,2
37,19,4
37,20,1
37,25,5
38,5,1
38,13,3
38,17,3
38,21,5
38,23,4
38,24,2
38,25,1
39,4,3
39,7,4
39,9,4
39,11,3
39,12,3
39,15,3
39,16,3
39,17,4
39,19,5
39,20,3
39,22,3
39,25,4
40,1,4
40,2,3
40,3,4
40,5,5
40,7,4
40,8,5
40,13,3
40,15,5
40,16,4
40,18,2
40,19,4
40,20,4
40,21,4
41,1,4
41,3,2
41,4,3
41,6,3
41,8,5
41,16,4
41,17,4
41,19,5
41,20,5
41,21,5
41,23,5
41,24,5
42,1,3
42,2,4
42,4,4
42,8,4
42,10,3
42,20,2
42,22,4
42,25,4
43,1,4
43,5,4
43,6,3
43,12,4
43,13,5
43,14,4
43,18,3
43,19,2
43,23,3
43,24,4
43,25,5
44,1,4
44,2,4
44,3,3
44,6,5
44,8,5
44,10,5
44,11,4
44,12,4
44,18,3
44,21,4
44,22,4
44,23,5
44,24,5
44,25,5
45,2,4
45,4,4
45,11,4
45,12,3
45,16,4
45,18,3
45,20,3
45,21,4
45,23,5
45,24,5
45,25,4
46,7,5
46,17,5
46,19,5
46,21,5
46,22,3
46,25,4
47,2,4
47,3,3
47,8,5
47,13,4
47,19,5
47,21,2
47,24,5
48,1,5
48,2,4
48,4,5
48,9,4
48,11,3
48,13,2
48,14,3
48,15,3
48,16,1
48,22,4
48,24,4
49,2,3
49,5,4
49,6,4
49,8,4
49,17,3
49,20,4
49,21,4
49,23,4
49,24,4
49,25,4
50,1,5
50,5,5
50,6,5
50,9,5
50,10,5
50,14,5
50,19,3
50,21,5
51,7,5
51,12,3
51,15,3
51,16,4
51,17,3
51,18,2
51,19,4
51,23,5
52,1,5
52,3,2
52,4,4
52,7,4
52,10,3
52,12,3
52,13,4
52,18,4
52,19,3
52,21,5
53,1,4
53,2,3
53,7,3
53,8,3
53,15,5
53,21,4
53,25,4
54,2,4
54,6,5
54,7,4
54,8,4
54,12,5
54,13,5
54,14,4
54,18,5
54,19,5
54,23,5
54,24,5
55,2,2
55,3,4
55,5,3
55,6,3
55,7,4
55,9,5
55,11,4
55,12,3
55,17,3
55,20,3
55,21,4
55,22,4
55,23,4
55,24,3
55,25,4
56,2,3
56,4,5
56,6,4
56,8,4
56,9,2
56,10,4
56,14,2
56,19,5
56,24,5
57,3,3
57,4,5
57,6,4
57,9,3
57,12,3
57,13,4
57,16,5
57,17,3
57,18,4
57,20,3
57,21,3
57,22,4
57,24,4
58,4,2
58,9,3
58,10,2
58,12,3
58,14,3
58,17,3
58,20,3
58,21,4
59,4,4
59,6,3
59,8,4
59,11,3
59,13,3
59,15,4
59,16,1
59,19,4
59,23,4
59,25,4
60,1,3
60,2,3
60,6,1
60,10,5
60,14,3
60,17,1
60,19,5
60,21,1
60,23,3
61,1,2
61,2,2
61,13,3
61,15,3
61,20,3
61,21,3
62,4,2
62,6,3
62,7,3
62,9,3
62,10,3
62,11,4
62,13,5
62,17,2
62,18,1
62,19,3
62,21,1
62,23,5
62,25,4
63,3,1
63,4,3
63,7,2
63,9,1
63,10,1
63,13,3
63,14,3
63,20,2
63,22,2
63,25,1
64,1,4
64,3,3
64,4,3
64,7,3
64,9,3
64,11,3
64,12,3
64,16,1
65,1,5
65,5,5
65,8,4
65,14,4
65,19,3
65,25,4
66,2,2
66,4,4
66,5,5
66,10,5
66,11,2
66,12,4
66,14,2
66,22,3
66,23,5
66,24,4
66,25,3
67,5,4
67,6,2
67,8,4
67,10,3
67,12,3
67,13,4
67,15,2
67,16,4
67,17,3
67,20,3
67,22,3
67,24,3
68,1,3
68,6,2
68,10,2
68,12,1
68,13,3
68,19,2
68,20,5
69,2,3
69,5,5
69,6,2
69,8,4
69,9,3
69,19,5
69,21,4
69,22,4
70,1,5
70,5,3
70,7,4
70,8,4
70,9,3
70,12,4
70,15,4
70,16,4
70,17,3
70,24,4
70,25,4
71,2,3
71,4,4
71,5,1
71,8,3
71,9,3
71,11,5
71,12,5
71,13,3
71,15,5
71,16,3
71,19,5
71,20,5
71,23,5
71,25,4
72,6,3
72,9,3
72,10,4
72,11,4
72,12,5
72,14,5
72,16,3
72,19,5
72,21,3
73,1,3
73,2,3
73,3,2
73,4,3
73,6,1
73,8,3
73,9,3
73,12,1
73,13,3
73,16,3
73,20,2
73,23,3
73,24,4
73,25,3
74,1,5
74,3,2
74,4,3
74,7,3
74,8,5
74,10,4
74,11,4
74,14,3
74,16,4
74,17,3
74,19,4
75,2,2
75,3,1
75,4,3
75,5,2
75,8,2
75,10,3
75,16,3
75,18,2
75,19,1
75,22,3
76,1,5
76,8,3
76,9,3
76,10,3
76,11,3
76,13,4
76,15,1
76,21,4
76,23,5
76,25,3
77,2,3
77,5,3
77,6,3
77,7,5
77,8,3
77,13,3
77,14,3
77,15,3
77,16,3
77,17,3
77,21,3
77,22,3
77,23,3
78,1,3
78,2,3
78,4,3
78,6,4
78,7,3
78,8,3
78,11,3
78,15,3
78,17,3
78,19,3
79,2,4
79,4,4
79,6,4
79,9,5
79,10,4
79,12,3
79,13,3
79,14,3
79,19,3
80,2,3
80,3,3
80,4,5
80,5,4
80,6,3
80,7,5
80,8,4
80,9,3
80,10,4
80,15,5
80,16,4
80,17,2
80,20,3
80,22,5
80,24,5
80,25,5
81,2,4
81,7,4
81,8,4
81,9,4
81,12,3
81,14,3
81,15,3
81,16,3
81,17,4
81,23,5
81,25,5
82,1,5
82,3,3
82,4,4
82,5,4
82,6,4
82,8,3
82,9,4
82,10,4
82,11,4
82,16,3
82,19,3
83,6,3
83,8,5
83,12,5
83,13,5
83,19,4
83,21,5
83,22,4
84,8,5
84,9,4
84,10,4
84,13,5
84,15,3
84,16,4
84,21,4
84,23,4
84,25,3
85,3,1
85,8,3
85,10,5
85,15,2
85,17,1
85,18,2
86,1,5
86,2,2
86,4,3
86,6,4
86,7,5
86,10,5
86,11,4
86,12,3
86,17,1
86,18,1
86,22,5
86,24,5
86,25,5
87,5,5
87,8,5
87,9,4
87,10,5
87,15,3
87,16,2
87,17,4
87,18,3
87,19,5
87,20,5
87,21,3
87,22,5
88,1,3
88,4,3
88,5,3
88,10,4
88,13,4
88,15,3
88,19,3
88,22,3
89,1,4
89,2,3
89,5,4
89,8,5
89,9,4
89,11,3
89,13,3
89,17,4
89,18,1
89,19,4
89,20,4
89,21,3
89,22,5
89,23,3
89,24,5
89,25,5
90,6,5
90,7,5
90,9,5
90,12,3
90,13,1
90,18,1
90,19,3
90,20,3
90,22,3
90,25,4
91,3,4
91,4,4
91,6,4
91,8,4
91,9,5
91,10,5
91,11,5
91,14,4
91,15,5
91,20,5
91,24,5
91,25,5
92,1,4
92,2,5
92,4,5
92,5,5
92,7,5
92,8,4
92,10,5
92,14,3
92,15,4
92,19,4
92,20,5
92,22,5
92,23,4
93,4,5
93,5,5
93,7,1
93,12,5
93,20,1
93,23,5
94,1,5
94,2,4
94,7,5
94,16,3
94,17,5
94,22,5
94,23,5
95,3,4
95,4,4
95,5,3
95,6,4
95,8,4
95,9,3
95,11,3
95,12,4
95,14,3
95,16,3
95,19,2
95,21,3
96,1,5
96,3,5
96,4,5
96,6,4
96,7,3
96,10,4
96,12,4
96,14,4
96,15,4
96,17,4
96,18,4
96,20,4
96,24,4
97,5,3
97,7,5
97,9,3
97,10,5
97,12,4
97,15,4
97,19,4
97,20,4
97,21,5
97,22,4
98,2,5
98,3,4
98,4,5
98,6,4
98,8,5
98,9,5
98,10,4
98,11,4
98,13,4
98,17,3
98,18,3
98,21,4
98,22,5
98,23,5
99,1,4
99,2,3
99,5,4
99,6,4
99,9,3
99,11,4
99,13,4
99,14,4
99,16,3
99,17,4
99,18,4
99,20,4
99,23,5
100,1,5
100,2,5
100,3,4
100,5,4
100,6,5
100,7,4
100,8,3
100,14,3
100,16,5
100,18,1
100,20,2
100,21,3
100,22,3
100,23,3
100,24,3
101,6,4
101,13,4
101,14,5
101,16,4
102,2,5
102,5,5
102,6,4
102,7,3
102,8,4
102,9,3
102,10,5
102,13,3
102,23,4
102,24,4
102,25,5
103,6,4
103,11,4
103,14,4
103,16,1
103,17,3
103,19,4
103,20,4
103,23,5
104,1,3
104,4,3
104,5,4
104,7,3
104,11,3
104,12,4
104,17,3
104,18,3
104,19,2
104,20,2
104,25,3
105,1,5
105,13,2
105,19,2
105,20,2
105,22,5
105,24,4
106,4,5
106,5,5
106,10,3
106,16,4
106,18,4
106,19,4
106,20,5
106,25,5
107,3,3
107,5,3
107,6,3
107,7,4
107,8,4
107,10,3
107,12,4
107,13,3
107,14,4
107,15,4
107,16,4
107,20,2
107,21,3
107,22,4
108,2,4
108,6,4
108,8,5
108,9,5
108,10,5
108,12,4
108,17,3
108,18,4
108,21,5
108,23,5
109,4,1
109,7,1
109,16,3
109,17,3
109,19,2
109,20,3
109,21,1
109,22,1
109,24,1
110,2,5
110,7,5
110,9,4
110,10,5
110,12,5
110,15,4
110,16,3
110,17,5
110,19,5
110,20,5
110,21,5
110,22,5
110,24,5
110,25,5
111,4,4
111,5,4
111,10,4
111,11,4
111,12,4
111,13,3
111,16,4
111,17,4
111,18,4
111,20,4
111,21,3
111,22,4
111,23,4
111,24,3
111,25,4
112,1,4
112,2,4
112,5,4
112,6,4
112,9,4
112,10,4
112,13,4
112,19,4
112,20,3
112,22,5
113,7,4
113,8,4
113,12,4
113,17,4
113,25,3
114,3,5
114,5,5
114,6,4
114,8,5
114,10,5
114,11,5
114,12,5
114,14,5
114,15,5
114,16,5
114,17,5
114,19,5
114,22,5
114,24,5
114,25,5
115,1,2
115,3,3
115,4,5
115,5,5
115,6,4
115,7,5
115,8,3
115,9,5
115,22,4
115,23,3
116,2,4
116,6,3
116,10,5
116,12,5
116,13,5
116,14,5
116,15,5
116,17,3
116,18,3
116,19,5
116,22,5
116,23,5
117,2,3
117,4,4
117,12,2
117,14,2
117,18,1
117,19,2
117,20,3
117,22,5
117,23,3
118,1,5
118,3,5
118,4,5
118,6,5
118,7,5
118,8,5
118,9,5
118,12,5
118,14,4
118,20,3
118,25,5
119,5,3
119,6,4
119,8,3
119,10,5
119,11,4
119,17,3
119,19,5
119,20,5
119,23,5
119,24,5
120,1,5
120,3,5
120,5,5
120,10,5
120,11,4
120,13,5
120,15,4
120,16,3
120,17,3
120,20,3
120,24,5
120,25,5
121,3,5
121,7,3
121,8,5
121,9,3
121,13,3
121,17,5
121,18,5
121,19,5
121,21,4
121,22,4
121,25,3
122,1,3
122,2,3
122,4,3
122,5,3
122,12,3
122,20,3
122,23,5
123,1,5
123,3,1
123,9,5
123,13,5
123,17,4
123,21,5
123,22,5
124,1,4
124,4,4
124,6,4
124,7,4
124,8,5
124,10,5
124,11,3
124,12,4
124,14,4
124,15,4
124,20,4
124,22,3
125,1,2
125,2,2
125,3,2
125,4,3
125,7,4
125,11,3
125,16,3
125,18,3
125,24,3
125,25,3
126,1,3
126,2,4
126,8,2
126,11,2
126,13,3
126,17,5
126,18,4
126,22,4
126,23,4
126,24,4
126,25,4
127,2,3
127,4,4
127,10,4
127,17,4
127,18,2
127,19,3
127,22,4
127,24,5
127,25,4
128,3,5
128,6,5
128,9,5
128,10,5
128,14,4
128,15,5
128,17,5
128,19,5
128,22,5
128,24,5
129,6,4
129,8,5
129,10,5
129,11,5
129,14,5
129,15,5
129,19,5
129,20,5
129,22,5
129,23,5
130,3,3
130,5,3
130,10,3
130,11,3
130,12,3
130,14,3
130,16,3
130,21,3
130,25,3
131,1,5
131,2,5
131,3,4
131,5,4
131,7,5
131,16,4
131,17,1
131,19,4
131,20,2
132,1,5
132,3,5
132,4,5
132,6,4
132,8,5
132,10,5
132,15,1
132,16,2
132,19,2
132,20,3
132,21,3
132,25,5
133,1,4
133,3,4
133,5,5
133,7,5
133,9,5
133,14,3
133,19,3
133,20,3
134,1,5
134,5,5
134,6,4
134,8,4
134,10,5
134,12,4
134,14,4
134,15,4
134,16,5
134,21,4
134,22,5
134,23,5
134,25,4
135,3,5
135,5,5
135,7,3
135,9,5
135,16,2
135,17,4
135,19,1
135,20,4
135,21,5
135,22,5
135,25,5
136,5,5
136,12,5
136,15,5
136,16,3
136,19,5
136,20,4
136,24,5
136,25,5
137,1,5
137,2,4
137,3,5
137,6,5
137,9,5
137,11,3
137,14,1
137,15,3
137,18,5
137,20,5
137,21,5
137,23,5
137,24,5
137,25,5
138,4,5
138,6,3
138,8,5
138,12,4
138,16,3
138,17,3
138,24,5
139,1,5
139,4,5
139,5,4
139,6,5
139,7,5
139,10,5
139,11,5
139,19,3
139,20,1
139,22,4
139,24,5
139,25,5
140,2,5
140,3,4
140,5,4
140,6,4
140,8,3
140,10,4
140,15,3
140,16,2
140,17,3
140,18,3
140,24,5
141,2,3
141,5,3
141,6,4
141,9,3
141,10,3
141,11,3
141,12,3
141,15,2
141,19,5
141,22,5
141,23,5
141,24,5
141,25,5
142,4,5
142,6,4
142,9,4
142,12,5
142,15,5
142,17,5
142,22,5
142,23,3
143,2,3
143,3,3
143,4,3
143,5,3
143,9,4
143,11,3
143,13,3
143,18,1
143,19,2
143,20,2
143,23,4
144,3,5
144,4,4
144,9,4
144,10,5
144,12,5
144,13,5
144,14,3
144,16,5
144,17,5
144,18,3
144,21,4
145,1,4
145,8,3
145,9,3
145,12,4
145,13,3
145,22,5
146,3,3
146,4,4
146,7,3
146,8,4
146,12,3
146,13,4
146,15,3
146,16,3
146,17,3
146,19,3
146,21,4
146,22,4
147,1,4
147,6,4
147,11,3
147,19,4
147,23,5
147,25,4
148,1,4
148,5,4
148,6,4
148,7,4
148,10,5
148,12,4
148,13,4
148,16,4
149,2,5
149,5,5
149,6,5
149,8,5
149,9,5
149,10,5
149,16,2
149,17,4
149,18,4
149,20,4
149,21,5
149,23,5
150,4,5
150,10,5
150,21,5
151,9,3
151,10,3
151,12,3
151,14,3
151,17,3
151,18,3
151,20,3
151,21,3
152,1,4
152,3,4
152,4,4
152,7,3
152,8,4
152,9,4
152,12,3
152,14,3
152,16,3
152,18,3
152,23,5
153,1,3
153,4,4
153,8,4
153,12,4
153,17,4
153,18,3
153,22,2
153,23,4
153,24,4
153,25,4
154,6,4
154,10,2
154,11,4
154,16,1
154,18,2
154,19,5
154,22,3
154,23,3
154,24,3
154,25,3
155,1,4
155,2,3
155,8,4
155,10,5
155,11,4
155,14,3
155,19,4
155,20,4
155,22,3
155,23,4
155,24,5
156,3,2
156,5,4
156,7,4
156,9,4
156,10,4
156,11,5
156,13,2
156,17,1
156,18,4
156,22,4
156,24,2
156,25,3
157,3,5
157,6,4
157,7,5
157,9,4
157,10,5
157,14,4
157,15,4
157,18,5
157,19,4
157,20,4
157,23,4
157,24,4
157,25,5
158,3,5
158,12,4
158,14,4
158,15,4
158,16,3
158,19,4
158,25,5
159,1,3
159,3,3
159,4,3
159,5,3
159,6,4
159,7,4
159,9,3
159,10,4
159,13,4
159,14,4
159,16,4
159,18,4
159,19,4
159,21,4
159,22,4
159,24,4
160,1,4
160,3,2
160,4,4
160,8,5
160,11,4
160,18,4
161,1,5
161,3,5
161,4,4
161,6,4
161,9,4
161,12,4
161,14,4
161,17,4
161,20,3
161,23,4
162,4,4
162,6,4
162,9,2
162,11,3
162,12,3
162,15,3
162,17,3
162,20,3
162,25,5
163,1,5
163,4,5
163,8,5
163,14,4
163,15,4
163,16,4
163,18,4
163,19,5
163,22,5
164,5,4
164,7,3
164,9,3
164,11,3
164,12,3
164,15,3
164,19,3
164,20,3
164,23,4
165,1,5
165,2,4
165,6,3
165,7,4
165,13,4
165,14,5
165,15,4
165,21,4
165,22,5
165,24,5
166,2,3
166,4,4
166,11,5
166,18,5
166,19,5
166,22,5
166,24,5
166,25,5
167,1,4
167,2,5
167,3,3
167,5,4
167,8,5
167,14,5
167,16,5
167,19,5
168,1,5
168,2,4
168,5,5
168,7,5
168,10,5
168,13,5
168,16,4
168,17,5
168,20,5
168,22,5
168,24,5
168,25,5
169,9,3
169,12,4
169,18,4
169,21,3
169,22,4
169,23,5
169,24,3
170,1,5
170,2,5
170,3,5
170,7,4
170,9,3
170,14,5
170,15,5
170,20,3
170,22,5
170,24,5
171,1,2
171,8,4
171,11,5
171,13,5
171,16,4
171,17,5
171,18,4
171,20,5
171,23,5
171,25,5
172,2,4
172,3,5
172,4,4
172,14,5
172,15,5
172,19,5
172,23,5
172,24,5
173,1,4
173,2,5
173,4,5
173,8,5
173,11,5
173,12,4
173,13,4
173,18,5
173,23,5
173,24,5
173,25,5
174,1,5
174,7,4
174,9,4
174,12,5
174,16,3
174,22,4
174,23,4
174,25,4
175,11,5
175,13,5
175,15,5
175,19,5
175,20,5
175,21,5
175,22,5
175,25,5
176,1,5
176,3,5
176,4,5
176,6,5
176,9,4
176,11,3
176,13,2
176,15,3
176,17,5
176,18,2
176,22,4
177,1,4
177,2,4
177,6,3
177,8,4
177,11,4
177,12,4
177,16,4
177,19,4
177,21,4
177,22,4
177,24,4
178,5,5
178,6,3
178,8,5
178,10,5
178,11,5
178,12,5
178,14,5
178,15,5
178,16,5
178,20,4
178,22,4
178,23,2
178,25,4
179,3,2
179,5,4
179,6,4
179,8,3
179,14,2
179,16,4
179,19,3
179,21,3
180,1,5
180,5,5
180,8,5
180,10,5
180,11,4
180,15,5
180,21,3
180,23,4
180,24,4
181,3,3
181,7,4
181,8,3
181,9,3
181,12,4
181,14,3
181,17,5
181,19,4
181,23,4
182,2,4
182,4,4
182,7,5
182,8,5
182,11,4
182,17,2
182,20,5
182,23,5
182,25,5
183,1,2
183,5,3
183,6,3
183,9,3
183,10,3
183,14,3
183,17,2
183,19,2
183,20,2
183,21,3
183,22,4
183,23,3
183,25,2
184,1,5
184,3,4
184,4,5
184,8,3
184,9,4
184,11,5
184,13,3
184,19,1
184,20,3
184,22,4
184,23,5
184,24,5
185,5,5
185,6,5
185,7,5
185,9,5
185,10,5
185,14,5
185,17,4
185,19,4
185,21,4
185,25,5
186,1,3
186,2,4
186,6,4
186,7,5
186,9,4
186,11,5
186,15,4
186,19,4
186,21,5
186,22,5
186,23,4
186,24,5
186,25,5
187,8,4
187,9,3
187,10,3
187,12,3
187,13,3
187,14,3
187,15,3
187,17,3
187,19,3
187,22,3
187,24,4
188,4,5
188,9,5
188,10,5
188,11,5
188,14,5
188,15,5
188,18,5
188,21,5
188,23,5
188,24,5
189,1,5
189,4,5
189,6,5
189,12,5
189,14,3
189,15,5
189,16,5
189,18,5
189,20,5
189,22,4
189,24,4
190,1,3
190,3,3
190,4,3
190,5,3
190,8,3
190,10,3
190,11,3
190,15,4
190,19,3
190,21,3
190,23,3
190,25,3
191,2,4
191,6,3
191,11,3
191,13,3
191,17,3
191,18,4
191,19,4
191,21,4
191,25,5
192,1,4
192,2,3
192,6,5
192,8,3
192,12,5
192,16,5
192,17,4
192,18,5
192,21,4
192,22,5
192,23,4
193,2,4
193,3,3
193,5,3
193,6,3
193,7,3
193,8,3
193,9,3
193,10,3
193,13,3
193,14,3
193,15,3
193,18,3
193,19,3
194,1,3
194,3,4
194,5,4
194,6,4
194,8,5
194,9,5
194,11,5
194,18,1
194,21,5
194,22,4
194,23,4
195,2,4
195,8,4
195,17,3
195,18,3
195,20,3
195,25,3
196,1,3
196,3,5
196,8,5
196,9,4
196,10,5
196,14,1
196,15,4
196,17,4
196,20,5
196,23,5
196,25,5
197,1,3
197,4,3
197,11,4
197,12,4
197,17,3
197,21,3
197,22,3
197,23,3
198,1,4
198,4,3
198,5,3
198,8,5
198,10,5
198,14,2
198,15,2
198,16,4
198,18,4
198,19,2
198,22,5
198,25,5
199,2,1
199,3,5
199,5,5
199,7,5
199,9,1
199,12,4
199,18,5
199,19,4
199,21,5
199,22,5
199,23,5
200,2,4
200,4,5
200,11,5
200,12,5
200,15,5
200,20,5
200,23,5
200,24,5
200,25,5
201,4,5
201,7,5
201,10,5
201,12,5
201,19,5
201,20,5
201,21,5
201,23,5
201,24,5
202,1,5
202,3,3
202,5,5
202,8,5
202,9,1
202,16,1
202,19,1
202,21,5
202,24,5
202,25,5
203,1,5
203,6,5
203,7,4
203,8,5
203,10,5
203,13,4
203,14,5
203,16,5
203,18,5
203,19,4
203,21,5
203,22,4
203,25,5
204,2,4
204,4,4
204,5,3
204,6,4
204,7,4
204,10,4
204,11,3
204,12,3
204,13,2
204,14,3
204,21,3
204,22,4
204,25,4
205,1,5
205,6,4
205,9,4
205,11,3
205,13,3
205,18,3
205,20,3
205,21,4
205,24,5
205,25,5
206,2,5
206,4,3
206,6,5
206,7,3
206,9,1
206,11,3
206,12,3
206,14,3
206,15,3
206,17,1
206,18,1
206,21,5
206,24,3
207,7,5
207,10,5
207,13,5
207,19,5
207,20,5
207,21,5
207,22,5
208,1,4
208,3,4
208,6,4
208,11,4
208,13,4
208,14,4
208,16,4
208,18,4
208,22,4
208,23,4
209,2,2
209,5,2
209,6,3
209,13,1
209,14,1
209,17,1
209,20,1
209,23,5
209,24,5
209,25,3
210,1,5
210,5,5
210,9,5
210,15,5
210,16,5
210,17,5
210,20,5
210,21,5
210,22,5
210,25,5
211,1,4
211,6,3
211,7,4
211,8,4
211,11,4
211,22,5
211,23,3
212,10,3
212,11,2
212,14,2
212,15,1
212,19,2
212,21,3
212,22,4
212,23,2
212,25,3
213,2,4
213,3,4
213,5,5
213,10,5
213,12,4
213,13,5
213,14,4
213,15,5
213,16,4
213,21,5
213,22,5
213,25,5
214,3,3
214,9,4
214,11,4
214,15,3
214,16,4
214,17,4
214,20,4
214,22,4
214,23,4
214,24,3
215,1,5
215,3,5
215,5,5
215,9,5
215,10,5
215,13,5
215,15,4
215,16,2
215,18,5
215,19,5
215,21,5
215,22,4
216,4,5
216,7,5
216,10,5
216,15,5
216,17,5
216,18,5
217,5,3
217,7,4
217,9,4
217,10,4
217,11,3
217,12,3
217,14,3
217,25,4
218,1,5
218,3,5
218,10,5
218,18,3
218,23,5
218,24,5
219,3,5
219,4,3
219,9,4
219,11,3
219,12,3
219,17,3
219,22,5
219,23,3
220,1,5
220,4,5
220,6,5
220,7,1
220,11,1
220,12,1
220,22,5
221,1,1
221,3,1
221,4,1
221,7,1
221,8,1
221,13,1
221,15,1
221,16,1
221,17,1
221,19,1
221,21,1
221,25,1
222,1,5
222,2,4
222,4,5
222,6,5
222,9,3
222,14,5
222,15,4
222,16,3
222,17,5
222,22,5
222,25,5
223,3,3
223,4,4
223,6,4
223,12,4
223,13,4
223,14,4
223,17,4
223,25,4
224,2,4
224,3,3
224,7,4
224,8,4
224,14,4
224,24,4
224,25,5
225,3,4
225,4,4
225,6,2
225,7,3
225,9,3
225,10,3
225,11,2
225,14,3
225,15,3
225,16,3
225,17,2
225,18,3
225,20,3
225,21,4
225,24,3
226,5,4
226,8,3
226,11,4
226,13,4
226,14,2
226,15,4
226,18,3
226,21,4
226,23,4
226,25,3
227,1,4
227,2,3
227,5,3
227,6,4
227,9,2
227,10,4
227,11,3
227,13,2
227,17,3
227,20,3
227,22,3
227,23,4
228,1,3
228,5,4
228,6,4
228,9,3
228,10,3
228,12,3
228,13,4
228,14,3
228,15,2
228,17,3
228,20,3
228,23,3
228,24,3
229,6,3
229,11,4
229,23,4
230,1,3
230,3,3
230,5,5
230,13,3
230,15,2
230,18,2
230,20,2
230,22,5
230,23,4
230,25,4
231,4,5
231,7,4
231,13,4
231,25,5
232,2,3
232,4,4
232,7,3
232,8,3
232,9,4
232,13,4
232,14,3
232,16,2
232,17,3
232,20,3
233,3,5
233,8,5
233,9,3
233,14,4
233,15,5
233,16,5
233,17,5
233,18,3
234,1,5
234,2,5
234,3,5
234,4,5
234,7,5
234,10,5
234,12,5
234,13,5
234,16,5
234,21,5
234,24,5
234,25,5
235,1,5
235,10,5
235,11,4
235,18,4
236,2,4
236,4,4
236,8,4
236,9,4
236,10,4
236,11,4
236,13,4
236,18,4
236,19,4
236,23,4
236,24,4
237,6,5
237,8,4
237,11,4
237,12,3
237,14,5
237,15,3
237,17,5
237,19,3
237,20,4
237,22,5
237,23,4
238,1,4
238,3,5
238,4,5
238,5,5
238,6,5
238,9,5
238,13,1
238,16,5
238,21,1
238,24,1
239,3,4
239,4,5
239,5,5
239,13,4
239,16,5
239,22,4
239,23,4
240,4,5
240,6,3
240,10,4
240,12,5
240,13,3
240,15,5
240,18,3
240,24,4
241,4,5
241,7,4
241,11,3
241,12,3
241,14,4
241,16,3
241,18,4
241,19,3
241,23,4
241,24,4
241,25,4
242,1,4
242,4,2
242,7,5
242,8,4
242,10,3
242,11,2
242,12,4
242,13,3
242,16,2
242,17,3
242,25,4
243,1,4
243,8,4
243,11,4
243,13,4
243,16,4
243,20,4
243,21,3
243,23,4
244,1,5
244,2,3
244,4,4
244,8,4
244,10,5
244,12,3
244,13,3
244,16,3
244,17,3
244,19,3
244,20,3
244,21,2
244,24,2
244,25,2
245,2,3
245,4,3
245,5,3
245,7,4
245,12,4
245,13,4
245,17,3
245,18,3
245,19,4
245,21,3
246,9,4
246,11,4
246,13,5
246,15,3
246,17,4
246,19,2
246,21,5
246,22,4
247,3,5
247,7,1
247,8,5
247,9,5
247,11,5
247,14,3
247,15,1
247,16,5
247,19,5
247,20,5
247,21,3
247,23,1
248,1,5
248,3,5
248,6,3
248,8,5
248,11,5
248,12,5
248,18,3
248,20,3
248,21,5
248,25,5
249,2,4
249,3,5
249,8,4
249,10,4
249,11,4
249,16,4
249,18,5
249,22,4
250,1,3
250,2,1
250,3,4
250,4,4
250,5,3
250,7,3
250,8,3
250,9,4
250,10,4
250,12,4
250,13,4
250,14,5
250,15,1
250,18,1
250,25,4
251,1,3
251,2,3
251,3,4
251,5,4
251,8,5
251,9,4
251,13,4
251,14,5
251,16,4
251,21,5
252,3,2
252,4,3
252,8,5
252,11,5
252,14,5
252,15,5
252,19,5
252,21,5
252,22,5
252,24,5
252,25,5
253,2,3
253,6,4
253,7,4
253,9,3
253,10,4
253,11,3
253,12,2
253,17,3
253,18,5
253,19,3
253,21,5
254,2,3
254,6,4
254,7,3
254,13,3
254,21,4
255,1,5
255,5,3
255,9,3
255,10,2
255,11,5
255,13,5
255,14,4
255,16,5
255,19,4
255,21,4
255,22,4
256,4,5
256,5,2
256,8,4
256,10,5
256,12,4
256,13,2
256,16,5
256,19,3
257,1,5
257,3,4
257,8,5
257,9,5
257,10,5
257,17,4
257,20,4
257,25,5
258,1,5
258,5,5
258,14,5
258,17,3
258,21,5
258,25,5
259,1,5
259,4,5
259,5,4
259,6,3
259,8,5
259,11,5
259,12,3
259,13,3
259,14,5
259,15,5
259,16,2
259,17,4
259,18,2
259,21,5
259,23,5
260,3,5
260,4,5
260,6,4
260,13,2
260,15,4
260,18,2
260,21,3
260,23,4
260,24,4
261,2,5
261,3,5
261,4,5
261,8,5
261,9,5
261,10,5
261,13,5
261,18,5
261,23,5
262,6,4
262,9,4
262,10,5
262,11,4
262,12,4
262,15,4
262,19,5
262,24,5
262,25,5
263,2,3
263,3,5
263,6,4
263,7,4
263,8,5
263,10,5
263,11,5
263,12,5
263,15,3
263,17,5
263,21,5
263,24,5
263,25,5
264,1,5
264,3,5
264,4,5
264,5,4
264,6,4
264,8,4
264,11,3
264,12,4
264,15,3
264,19,4
264,22,5
265,4,3
265,5,3
265,11,3
265,12,3
265,13,3
265,15,4
265,16,2
265,17,3
265,18,3
265,20,4
265,21,2
265,22,4
265,23,4
265,25,4
266,1,5
266,6,4
266,7,5
266,8,5
266,9,5
266,11,5
266,12,4
266,16,3
266,17,3
266,18,3
266,21,5
266,22,5
266,24,5
267,2,3
267,4,5
267,5,5
267,6,4
267,7,5
267,10,5
267,15,5
267,19,5
267,20,5
267,21,4
267,22,4
267,25,5
268,1,3
268,3,4
268,5,4
268,6,3
268,9,3
268,10,3
268,12,3
268,18,4
268,19,2
268,20,2
268,22,3
269,4,5
269,8,5
269,9,5
269,13,5
269,21,5
269,24,5
270,1,5
270,2,3
270,4,4
270,7,4
270,11,4
270,12,5
270,17,3
270,18,4
270,19,5
270,22,4
270,24,5
271,5,4
271,7,5
271,8,5
271,9,5
271,13,4
271,14,4
271,16,5
271,20,5
272,2,1
272,4,5
272,5,3
272,7,4
272,11,5
272,12,5
272,14,5
272,15,5
272,16,3
272,18,2
272,19,2
272,21,5
273,2,4
273,4,5
273,6,4
273,11,4
273,12,5
273,14,5
273,19,4
273,20,4
273,23,4
274,3,4
274,7,5
274,10,5
274,12,5
274,14,3
274,19,4
274,20,5
274,24,5
275,1,2
275,2,3
275,4,2
275,5,4
275,7,4
275,8,3
275,10,4
275,11,3
275,13,4
275,14,3
275,17,4
275,21,4
275,22,5
275,24,4
276,3,5
276,5,5
276,6,4
276,10,5
276,13,4
276,18,4
276,21,4
276,24,4
276,25,4
277,2,3
277,5,2
277,6,3
277,8,4
277,10,4
277,17,3
277,18,3
277,19,3
277,21,3
277,23,4
278,4,3
278,13,4
278,14,4
278,15,3
278,16,1
278,17,3
278,22,3
279,1,5
279,3,3
279,4,4
279,5,4
279,6,3
279,7,3
279,12,5
279,14,1
279,15,1
279,17,5
279,20,1
279,24,5
280,4,3
280,7,4
280,8,4
280,9,4
280,11,3
280,12,3
280,15,4
280,18,3
280,23,4
280,24,3
281,2,3
281,4,1
281,5,5
281,8,3
281,11,5
281,12,5
281,13,5
281,17,3
281,18,3
281,19,5
281,20,3
281,21,5
281,25,5
282,2,5
282,6,2
282,7,3
282,9,2
282,10,4
282,12,4
282,18,4
282,24,5
282,25,5
283,1,5
283,2,1
283,3,5
283,4,5
283,5,5
283,7,5
283,10,5
283,12,5
283,19,5
283,22,5
283,25,5
284,4,4
284,6,5
284,7,4
284,10,4
284,11,4
284,14,4
284,15,5
284,16,4
284,17,5
284,23,5
284,24,3
284,25,5
285,3,4
285,7,4
285,8,4
285,9,3
285,10,5
285,11,4
285,14,3
285,15,4
285,16,3
285,18,4
285,19,5
285,20,4
285,21,4
285,23,4
285,24,4
286,4,4
286,8,4
286,11,4
286,13,4
286,15,5
286,17,4
286,18,4
286,20,4
286,21,5
286,24,3
286,25,3
287,3,4
287,4,5
287,5,5
287,8,5
287,9,4
287,16,1
287,17,2
287,19,3
287,22,4
287,24,5
287,25,5
288,3,4
288,7,3
288,8,3
288,10,4
288,12,4
288,13,4
288,14,3
288,17,4
288,18,4
288,19,4
288,21,4
288,22,4
288,23,4
288,25,4
289,3,2
289,7,3
289,10,3
289,11,5
289,14,5
289,17,4
289,20,5
289,21,3
289,23,4
290,2,4
290,5,4
290,8,4
290,15,2
290,16,1
290,18,1
290,22,5
291,1,5
291,5,4
291,9,5
291,12,4
291,14,4
291,15,4
291,16,3
292,1,4
292,2,3
292,3,2
292,4,3
292,7,3
292,8,4
292,14,5
292,15,5
292,17,4
292,18,5
292,21,3
293,1,3
293,8,3
293,11,4
293,13,3
293,14,3
293,16,3
293,20,3
293,24,4
294,6,5
294,8,4
294,9,3
294,12,4
294,13,3
294,15,3
294,18,3
295,2,5
295,7,4
295,9,5
295,14,2
295,16,5
295,19,3
295,20,3
295,22,5
295,24,5
295,25,5
296,4,5
296,8,4
296,10,5
296,13,4
296,15,4
296,16,3
296,18,4
296,19,5
296,20,4
296,21,4
296,22,4
296,23,5
297,2,2
297,12,3
297,13,5
297,15,2
297,16,4
297,18,2
297,20,4
297,25,2
298,1,4
298,2,2
298,4,5
298,6,4
298,7,5
298,10,5
298,12,3
298,14,3
298,17,2
298,22,5
299,2,3
299,4,5
299,6,5
299,10,5
299,15,2
299,16,1
299,18,1
299,23,5
300,3,3
300,7,3
300,16,2
300,19,3
300,21,3
300,23,3
301,1,3
301,3,3
301,5,3
301,8,5
301,10,5
301,11,3
301,12,3
301,13,4
301,14,3
301,16,3
301,17,3
301,25,5
302,2,4
302,3,3
302,4,3
302,7,5
302,9,5
302,12,5
302,15,3
302,19,3
302,21,3
302,25,5
303,1,5
303,2,4
303,3,3
303,4,4
303,7,4
303,9,3
303,12,4
303,15,3
303,16,4
303,20,3
304,1,5
304,2,4
304,5,3
304,7,3
304,8,2
304,14,3
304,15,4
304,16,3
304,18,3
305,1,4
305,2,4
305,8,5
305,14,4
305,17,4
305,23,5
306,5,5
306,7,4
306,9,5
306,11,3
306,14,1
306,15,1
306,16,1
306,19,1
306,21,3
307,2,4
307,8,5
307,9,5
307,11,5
307,12,3
307,13,4
307,15,5
307,20,2
307,21,4
307,23,5
308,4,4
308,6,2
308,11,2
308,12,1
308,13,2
308,16,2
308,17,1
308,19,1
308,21,5
308,22,3
309,1,5
309,2,5
309,4,4
309,6,4
309,8,5
309,10,5
309,16,4
309,21,4
309,22,5
309,24,5
309,25,5
310,3,2
310,8,3
310,9,3
310,10,3
310,11,3
310,12,4
310,13,4
310,17,3
310,19,4
310,20,4
311,4,3
311,7,2
311,8,5
311,12,3
311,13,3
311,17,1
311,18,1
311,19,1
311,21,3
312,1,5
312,3,3
312,9,4
312,11,4
312,15,3
312,19,1
312,25,5
313,2,4
313,4,5
313,7,5
313,8,5
313,13,5
313,14,3
313,17,5
313,18,5
313,19,5
313,22,5
313,24,5
314,3,3
314,11,3
314,12,3
314,13,3
314,17,3
314,18,3
314,22,4
314,24,4
314,25,4
315,7,4
315,14,4
315,16,2
315,25,5
316,1,4
316,8,4
316,10,4
316,11,3
316,17,3
316,18,4
316,19,3
316,20,4
316,22,4
316,23,5
316,24,4
317,1,4
317,3,3
317,4,3
317,5,4
317,9,3
317,10,3
317,14,1
317,22,2
317,23,4
317,24,5
317,25,4
318,2,4
318,9,3
318,11,4
318,13,3
318,15,2
318,17,4
318,18,2
318,20,3
318,23,5
318,25,5
319,1,4
319,2,2
319,4,3
319,6,4
319,7,3
319,9,3
319,12,4
319,13,3
319,15,4
319,16,4
319,17,2
319,23,4
320,1,4
320,2,4
320,8,5
320,14,2
320,16,2
320,24,4
321,2,3
321,6,2
321,8,2
321,9,4
321,12,3
321,14,3
321,15,4
321,16,3
321,19,2
321,21,3
321,22,3
321,24,4
322,1,4
322,4,4
322,5,4
322,6,4
322,8,5
322,17,5
322,18,2
322,19,5
322,23,5
323,1,5
323,2,1
323,3,1
323,5,5
323,7,5
323,10,5
323,14,1
323,15,5
323,16,5
323,18,3
323,20,3
324,1,5
324,2,5
324,4,5
324,5,5
324,7,5
324,8,5
324,11,5
324,13,5
324,16,5
324,18,5
324,19,5
324,20,5
324,23,5
324,24,5
325,1,4
325,4,3
325,5,4
325,6,4
325,8,5
325,10,5
325,16,2
325,19,2
325,21,5
326,1,3
326,2,2
326,5,2
326,7,5
326,8,3
326,9,2
326,10,5
326,13,4
326,14,1
326,17,1
327,2,5
327,3,1
327,5,5
327,6,4
327,7,5
327,10,4
327,12,3
327,16,2
327,17,2
327,18,2
327,20,2
328,2,4
328,7,4
328,8,5
328,10,5
328,11,3
328,16,1
328,19,3
328,20,2
328,21,1
328,24,5
328,25,5
329,4,5
329,5,5
329,7,3
329,10,5
329,11,5
329,14,4
329,19,5
329,23,4
329,24,4
330,4,2
330,6,2
330,11,4
330,12,4
330,13,3
330,14,4
330,15,1
330,16,1
331,1,4
331,4,1
331,5,3
331,6,2
331,8,4
331,10,2
331,11,4
331,12,3
331,17,5
331,18,2
331,21,5
331,23,5
331,24,5
331,25,5
332,1,5
332,3,1
332,4,3
332,6,2
332,7,4
332,9,3
332,11,2
332,13,3
332,14,1
332,15,3
332,20,2
332,22,4
333,4,3
333,5,3
333,9,5
333,11,4
333,13,3
333,15,2
333,18,1
333,20,1
333,21,5
333,22,3
334,5,4
334,12,3
334,14,2
334,17,1
334,20,5
334,21,3
334,22,4
334,24,5
334,25,5
335,1,4
335,2,4
335,4,4
335,5,4
335,6,5
335,11,3
335,12,3
335,14,2
335,22,4
335,25,5
336,1,4
336,2,3
336,3,4
336,4,5
336,5,3
336,8,2
336,9,3
336,11,3
336,12,4
336,13,3
336,15,5
336,22,3
336,24,5
337,5,3
337,10,3
337,11,3
337,13,3
337,14,3
337,19,3
337,20,3
337,21,4
337,22,3
338,1,3
338,2,5
338,3,3
338,4,3
338,6,3
338,9,3
338,12,4
338,14,4
338,16,3
338,17,2
338,18,3
338,19,3
338,25,3
339,2,5
339,6,3
339,7,4
339,8,3
339,9,5
339,10,3
339,13,4
339,14,4
340,3,2
340,6,2
340,7,5
340,9,5
340,12,4
340,13,4
340,16,2
340,19,5
340,23,5
341,1,3
341,4,4
341,7,5
341,9,5
341,11,4
341,13,4
341,14,4
341,18,5
341,21,4
341,22,5
342,3,1
342,5,4
342,7,3
342,16,3
342,22,3
342,23,4
342,25,4
343,1,4
343,8,3
343,14,3
343,15,5
343,16,1
343,17,2
343,18,3
343,19,2
343,23,5
344,3,3
344,5,4
344,7,3
344,9,4
344,10,4
344,14,3
344,16,3
344,20,3
344,23,3
345,1,2
345,3,2
345,8,3
345,9,1
345,10,5
345,11,5
345,15,5
345,16,1
345,18,5
345,19,5
345,20,5
345,23,5
346,1,5
346,2,1
346,4,5
346,15,2
346,16,1
346,18,1
346,19,2
347,1,3
347,7,4
347,12,5
347,13,4
347,16,5
347,17,5
347,18,4
348,3,1
348,5,3
348,9,3
348,10,2
348,16,1
348,18,4
348,19,2
348,20,3
348,22,4
349,4,3
349,5,4
349,7,5
349,8,3
349,10,4
349,13,4
349,14,1
349,15,2
349,17,3
349,18,2
349,23,3
350,2,5
350,9,3
350,12,1
350,14,1
350,15,1
350,16,1
350,19,1
350,20,1
350,23,3
350,24,3
351,5,3
351,10,4
351,13,5
351,17,1
351,19,1
351,21,5
352,2,1
352,3,1
352,10,5
352,11,5
352,12,5
352,13,4
352,14,3
352,15,4
352,17,3
352,23,5
352,24,5
352,25,5
353,3,5
353,9,5
353,12,5
353,15,5
353,17,5
353,25,5
354,1,5
354,3,3
354,5,5
354,7,5
354,9,5
354,10,5
354,11,5
354,13,5
354,14,3
354,21,5
354,24,5
355,2,5
355,4,5
355,6,5
355,8,5
355,13,5
355,14,5
355,17,2
355,22,5
355,23,5
355,24,5
356,1,4
356,3,1
356,7,5
356,8,4
356,11,4
356,13,5
356,15,5
356,19,3
356,23,4
356,24,4
357,1,5
357,7,4
357,11,4
357,13,4
357,18,4
357,20,4
357,21,4
357,22,4
358,4,4
358,5,4
358,8,3
358,9,5
358,11,5
358,16,2
358,18,2
358,22,5
358,23,5
358,25,5
359,2,3
359,5,5
359,8,5
359,12,3
359,15,5
359,18,3
359,22,5
359,25,5
360,6,4
360,9,3
360,11,3
360,12,3
360,16,5
360,17,5
360,19,5
360,20,4
360,22,4
361,1,5
361,7,5
361,9,5
361,10,5
361,11,5
361,16,5
361,23,5
361,25,5
362,1,5
362,2,5
362,4,5
362,5,4
362,9,5
362,13,4
362,15,3
362,18,4
362,19,5
362,21,4
362,22,4
362,23,5
362,24,4
362,25,5
363,1,3
363,4,3
363,7,3
363,8,3
363,10,4
363,11,4
363,14,3
363,15,3
363,18,3
363,19,3
363,20,3
363,22,3
364,2,4
364,5,3
364,6,3
364,7,5
364,9,3
364,10,3
364,11,4
364,13,3
364,22,3
365,11,3
365,13,3
365,22,4
365,23,4
366,4,3
366,6,3
366,8,4
366,9,3
366,10,5
366,16,3
366,17,3
366,18,2
366,19,3
366,20,5
366,21,5
366,25,5
367,3,5
367,8,5
367,12,2
367,18,3
367,22,5
367,24,5
367,25,5
368,1,5
368,5,5
368,6,4
368,7,5
368,12,5
368,18,4
368,25,5
369,1,4
369,3,4
369,4,4
369,6,3
369,8,3
369,9,4
369,12,3
369,13,2
369,16,3
369,19,2
369,21,4
370,2,1
370,9,5
370,10,4
370,11,4
370,12,5
370,16,3
370,24,5
370,25,5
371,1,2
371,4,3
371,8,5
371,9,5
371,12,3
371,17,4
371,19,2
371,20,2
371,21,3
371,22,4
372,1,4
372,9,5
372,11,3
372,13,2
372,15,3
372,16,4
372,18,5
372,19,4
372,23,5
372,24,5
373,1,4
373,7,4
373,8,3
373,10,5
373,14,3
373,16,1
373,17,1
373,18,1
373,21,4
373,25,4
374,3,1
374,4,1
374,5,1
374,8,2
374,14,1
374,15,4
374,20,2
374,23,2
374,24,1
375,1,5
375,4,4
375,11,5
375,13,3
375,15,4
375,16,3
375,18,3
375,19,3
375,20,3
375,22,3
375,24,3
375,25,3
376,3,3
376,8,3
376,14,3
376,15,3
376,20,3
376,22,3
376,23,3
376,25,3
377,1,5
377,2,5
377,3,3
377,7,3
377,10,5
377,11,3
377,16,1
377,17,3
377,18,2
377,20,3
378,2,4
378,8,3
378,11,4
378,13,4
378,14,5
378,15,3
378,17,5
378,18,3
378,21,3
379,2,4
379,8,5
379,9,5
379,11,5
379,14,5
379,15,5
379,19,5
380,5,5
380,6,3
380,7,5
380,11,4
380,12,3
380,13,3
380,16,3
380,17,4
380,20,5
380,23,5
381,3,2
381,4,5
381,5,5
381,8,4
381,11,4
381,16,3
381,20,3
381,21,4
381,22,4
382,3,3
382,9,3
382,12,4
382,19,5
382,20,5
383,2,4
383,4,4
383,5,4
383,12,5
383,13,3
383,17,3
383,19,3
383,22,3
383,23,5
383,24,4
384,2,2
384,3,2
384,5,3
384,18,2
384,21,3
384,23,2
384,24,4
385,3,4
385,13,2
385,15,4
385,16,2
385,19,2
385,20,3
385,22,5
385,24,5
385,25,5
386,2,3
386,7,5
386,8,5
386,9,5
386,10,5
386,11,5
386,12,5
386,13,5
386,22,5
387,1,5
387,2,4
387,6,3
387,9,3
387,11,3
387,12,4
387,13,1
387,14,3
387,15,3
387,16,3
387,17,3
387,18,2
387,19,1
387,21,5
387,23,3
388,3,3
388,5,5
388,6,3
388,8,3
388,12,4
388,14,1
388,16,2
388,21,5
388,25,5
389,1,4
389,2,3
389,3,3
389,4,4
389,6,3
389,9,4
389,11,4
389,15,4
389,19,3
389,20,3
389,21,3
390,2,4
390,8,5
390,9,5
390,10,5
390,12,4
390,14,3
390,15,5
390,16,4
390,17,4
390,19,5
390,20,3
390,21,5
390,23,4
390,24,5
391,1,5
391,2,4
391,4,5
391,5,5
391,9,5
391,10,4
391,11,3
391,12,5
391,14,1
391,15,3
391,16,3
391,17,1
392,1,5
392,2,3
392,6,5
392,7,4
392,9,4
392,14,4
392,18,4
392,23,5
392,24,5
393,5,3
393,7,4
393,8,3
393,12,3
393,13,4
393,15,4
393,16,3
393,17,4
393,20,3
393,22,5
393,24,4
393,25,5
394,2,3
394,5,5
394,8,4
394,10,5
394,12,5
394,17,3
394,20,3
394,21,4
394,24,5
395,3,3
395,4,4
395,6,4
395,7,3
395,9,3
395,11,3
395,15,3
395,16,3
395,17,3
395,20,3
395,22,4
396,7,4
396,10,4
396,13,5
396,14,5
396,15,5
396,20,4
396,21,5
396,22,5
397,3,3
397,4,3
397,7,5
397,9,5
397,11,3
397,12,3
397,18,4
397,20,4
397,23,5
397,24,5
397,25,5
398,2,5
398,3,5
398,4,5
398,7,3
398,9,4
398,10,4
398,12,4
398,14,4
398,19,3
398,20,3
399,1,5
399,2,4
399,3,5
399,5,5
399,6,3
399,7,5
399,11,5
399,12,3
399,18,1
399,21,5
399,22,5
400,5,5
400,6,4
400,8,5
400,12,4
400,16,5
400,24,3
401,3,3
401,4,3
401,6,4
401,8,4
401,11,4
401,12,5
401,13,5
401,14,4
401,18,5
401,20,5
401,21,5
401,23,5
402,1,4
402,3,4
402,5,5
402,7,4
402,8,4
402,10,4
402,15,4
402,16,4
402,19,4
402,21,5
402,22,5
402,23,5
403,5,4
403,6,5
403,7,4
403,8,5
403,10,5
403,11,4
403,15,3
403,17,3
403,20,4
403,21,5
403,22,5
404,6,5
404,8,5
404,10,4
404,11,4
404,13,4
404,14,2
404,20,4
404,22,4
404,25,4
405,2,4
405,3,2
405,4,3
405,5,5
405,7,4
405,11,2
405,13,4
405,17,4
405,18,2
405,19,1
405,20,2
405,21,4
405,22,3
405,23,3
405,25,3
406,3,5
406,6,4
406,8,3
406,9,4
406,10,5
406,15,3
406,16,5
406,19,5
406,23,5
406,24,5
407,3,4
407,8,5
407,9,5
407,12,5
407,19,5
407,20,5
407,23,5
408,4,4
408,7,5
408,9,5
408,14,5
408,15,5
408,16,5
408,17,5
408,18,5
408,21,5
408,22,5
408,24,5
408,25,5
409,4,5
409,5,5
409,6,4
409,8,4
409,12,5
409,17,3
409,21,5
409,22,5
410,1,4
410,4,4
410,7,4
410,9,4
410,11,4
410,12,4
410,14,4
410,16,4
410,17,4
410,19,4
410,24,4
410,25,4
411,2,4
411,3,5
411,14,2
411,15,3
411,16,2
411,20,5
411,21,4
411,23,3
411,24,4
411,25,5
412,3,3
412,4,5
412,6,2
412,8,3
412,9,4
412,12,1
412,15,1
412,18,4
412,19,5
412,20,5
412,24,5
412,25,3
413,1,5
413,2,4
413,6,4
413,10,5
413,11,3
413,13,3
413,15,2
413,24,5
413,25,5
414,4,5
414,8,4
414,10,4
414,11,4
414,12,4
414,13,4
414,14,4
414,17,4
414,19,4
414,22,4
414,23,4
414,24,4
414,25,4